Country,State,Year,Gender,Type Of Classes,"Gross Enrolment Ratio (Ger) (UOM:Ratio), Scaling Factor:1"
India,Andaman And Nicobar Islands,"Calendar Year (Jan - Dec), 2013",Boys,Classes I-VIII (6-13 Years),77.3
India,Andaman And Nicobar Islands,"Calendar Year (Jan - Dec), 2013",Boys,Classes IX-X (14-15 Years),74.5
India,Andaman And Nicobar Islands,"Calendar Year (Jan - Dec), 2013",Boys,Classes I-X (6-15 Years),76.7
India,Andaman And Nicobar Islands,"Calendar Year (Jan - Dec), 2013",Boys,Classes XI-XII (16-17  Years),50.7
India,Andaman And Nicobar Islands,"Calendar Year (Jan - Dec), 2013",Boys,Classes IX-XII (14-17  Years),63.5
India,Andaman And Nicobar Islands,"Calendar Year (Jan - Dec), 2013",Boys,Classes I-XII (6-17 Years),72.9
India,Andaman And Nicobar Islands,"Calendar Year (Jan - Dec), 2013",Girls,Classes I-VIII (6-13 Years),75.4
India,Andaman And Nicobar Islands,"Calendar Year (Jan - Dec), 2013",Girls,Classes IX-X (14-15 Years),76.5
India,Andaman And Nicobar Islands,"Calendar Year (Jan - Dec), 2013",Girls,Classes I-X (6-15 Years),75.6
India,Andaman And Nicobar Islands,"Calendar Year (Jan - Dec), 2013",Girls,Classes XI-XII (16-17  Years),59.6
India,Andaman And Nicobar Islands,"Calendar Year (Jan - Dec), 2013",Girls,Classes IX-XII (14-17  Years),68.5
India,Andaman And Nicobar Islands,"Calendar Year (Jan - Dec), 2013",Girls,Classes I-XII (6-17 Years),73.1
India,Andaman And Nicobar Islands,"Calendar Year (Jan - Dec), 2013",Total,Classes I-VIII (6-13 Years),76.4
India,Andaman And Nicobar Islands,"Calendar Year (Jan - Dec), 2013",Total,Classes IX-X (14-15 Years),75.4
India,Andaman And Nicobar Islands,"Calendar Year (Jan - Dec), 2013",Total,Classes I-X (6-15 Years),76.2
India,Andaman And Nicobar Islands,"Calendar Year (Jan - Dec), 2013",Total,Classes XI-XII (16-17  Years),55
India,Andaman And Nicobar Islands,"Calendar Year (Jan - Dec), 2013",Total,Classes IX-XII (14-17  Years),66
India,Andaman And Nicobar Islands,"Calendar Year (Jan - Dec), 2013",Total,Classes I-XII (6-17 Years),73
India,Andhra Pradesh,"Calendar Year (Jan - Dec), 2013",Boys,Classes I-VIII (6-13 Years),111.6
India,Andhra Pradesh,"Calendar Year (Jan - Dec), 2013",Boys,Classes IX-X (14-15 Years),71.1
India,Andhra Pradesh,"Calendar Year (Jan - Dec), 2013",Boys,Classes I-X (6-15 Years),104
India,Andhra Pradesh,"Calendar Year (Jan - Dec), 2013",Boys,Classes XI-XII (16-17  Years),60.4
India,Andhra Pradesh,"Calendar Year (Jan - Dec), 2013",Boys,Classes IX-XII (14-17  Years),66.2
India,Andhra Pradesh,"Calendar Year (Jan - Dec), 2013",Boys,Classes I-XII (6-17 Years),98
India,Andhra Pradesh,"Calendar Year (Jan - Dec), 2013",Girls,Classes I-VIII (6-13 Years),112.5
India,Andhra Pradesh,"Calendar Year (Jan - Dec), 2013",Girls,Classes IX-X (14-15 Years),74.2
India,Andhra Pradesh,"Calendar Year (Jan - Dec), 2013",Girls,Classes I-X (6-15 Years),105.8
India,Andhra Pradesh,"Calendar Year (Jan - Dec), 2013",Girls,Classes XI-XII (16-17  Years),46.1
India,Andhra Pradesh,"Calendar Year (Jan - Dec), 2013",Girls,Classes IX-XII (14-17  Years),60.6
India,Andhra Pradesh,"Calendar Year (Jan - Dec), 2013",Girls,Classes I-XII (6-17 Years),97.3
India,Andhra Pradesh,"Calendar Year (Jan - Dec), 2013",Total,Classes I-VIII (6-13 Years),112
India,Andhra Pradesh,"Calendar Year (Jan - Dec), 2013",Total,Classes IX-X (14-15 Years),72.5
India,Andhra Pradesh,"Calendar Year (Jan - Dec), 2013",Total,Classes I-X (6-15 Years),104.9
India,Andhra Pradesh,"Calendar Year (Jan - Dec), 2013",Total,Classes XI-XII (16-17  Years),53.5
India,Andhra Pradesh,"Calendar Year (Jan - Dec), 2013",Total,Classes IX-XII (14-17  Years),63.6
India,Andhra Pradesh,"Calendar Year (Jan - Dec), 2013",Total,Classes I-XII (6-17 Years),97.7
India,Arunachal Pradesh,"Calendar Year (Jan - Dec), 2013",Boys,Classes I-VIII (6-13 Years),174
India,Arunachal Pradesh,"Calendar Year (Jan - Dec), 2013",Boys,Classes IX-X (14-15 Years),77.8
India,Arunachal Pradesh,"Calendar Year (Jan - Dec), 2013",Boys,Classes I-X (6-15 Years),153.7
India,Arunachal Pradesh,"Calendar Year (Jan - Dec), 2013",Boys,Classes XI-XII (16-17  Years),55
India,Arunachal Pradesh,"Calendar Year (Jan - Dec), 2013",Boys,Classes IX-XII (14-17  Years),66.9
India,Arunachal Pradesh,"Calendar Year (Jan - Dec), 2013",Boys,Classes I-XII (6-17 Years),137.9
India,Arunachal Pradesh,"Calendar Year (Jan - Dec), 2013",Girls,Classes I-VIII (6-13 Years),165.7
India,Arunachal Pradesh,"Calendar Year (Jan - Dec), 2013",Girls,Classes IX-X (14-15 Years),69.3
India,Arunachal Pradesh,"Calendar Year (Jan - Dec), 2013",Girls,Classes I-X (6-15 Years),145.6
India,Arunachal Pradesh,"Calendar Year (Jan - Dec), 2013",Girls,Classes XI-XII (16-17  Years),49.6
India,Arunachal Pradesh,"Calendar Year (Jan - Dec), 2013",Girls,Classes IX-XII (14-17  Years),59.9
India,Arunachal Pradesh,"Calendar Year (Jan - Dec), 2013",Girls,Classes I-XII (6-17 Years),130.5
India,Arunachal Pradesh,"Calendar Year (Jan - Dec), 2013",Total,Classes I-VIII (6-13 Years),169.9
India,Arunachal Pradesh,"Calendar Year (Jan - Dec), 2013",Total,Classes IX-X (14-15 Years),73.5
India,Arunachal Pradesh,"Calendar Year (Jan - Dec), 2013",Total,Classes I-X (6-15 Years),149.7
India,Arunachal Pradesh,"Calendar Year (Jan - Dec), 2013",Total,Classes XI-XII (16-17  Years),52.3
India,Arunachal Pradesh,"Calendar Year (Jan - Dec), 2013",Total,Classes IX-XII (14-17  Years),63.5
India,Arunachal Pradesh,"Calendar Year (Jan - Dec), 2013",Total,Classes I-XII (6-17 Years),134.2
India,Assam,"Calendar Year (Jan - Dec), 2013",Boys,Classes I-VIII (6-13 Years),96.4
India,Assam,"Calendar Year (Jan - Dec), 2013",Boys,Classes IX-X (14-15 Years),55.4
India,Assam,"Calendar Year (Jan - Dec), 2013",Boys,Classes I-X (6-15 Years),87.4
India,Assam,"Calendar Year (Jan - Dec), 2013",Boys,Classes XI-XII (16-17  Years),18.6
India,Assam,"Calendar Year (Jan - Dec), 2013",Boys,Classes IX-XII (14-17  Years),36.8
India,Assam,"Calendar Year (Jan - Dec), 2013",Boys,Classes I-XII (6-17 Years),74.9
India,Assam,"Calendar Year (Jan - Dec), 2013",Girls,Classes I-VIII (6-13 Years),97.2
India,Assam,"Calendar Year (Jan - Dec), 2013",Girls,Classes IX-X (14-15 Years),47
India,Assam,"Calendar Year (Jan - Dec), 2013",Girls,Classes I-X (6-15 Years),85.9
India,Assam,"Calendar Year (Jan - Dec), 2013",Girls,Classes XI-XII (16-17  Years),12.6
India,Assam,"Calendar Year (Jan - Dec), 2013",Girls,Classes IX-XII (14-17  Years),29.4
India,Assam,"Calendar Year (Jan - Dec), 2013",Girls,Classes I-XII (6-17 Years),72
India,Assam,"Calendar Year (Jan - Dec), 2013",Total,Classes I-VIII (6-13 Years),96.8
India,Assam,"Calendar Year (Jan - Dec), 2013",Total,Classes IX-X (14-15 Years),51.2
India,Assam,"Calendar Year (Jan - Dec), 2013",Total,Classes I-X (6-15 Years),86.7
India,Assam,"Calendar Year (Jan - Dec), 2013",Total,Classes XI-XII (16-17  Years),15.5
India,Assam,"Calendar Year (Jan - Dec), 2013",Total,Classes IX-XII (14-17  Years),33.1
India,Assam,"Calendar Year (Jan - Dec), 2013",Total,Classes I-XII (6-17 Years),73.5
India,Bihar,"Calendar Year (Jan - Dec), 2013",Boys,Classes I-VIII (6-13 Years),145.4
India,Bihar,"Calendar Year (Jan - Dec), 2013",Boys,Classes IX-X (14-15 Years),40.7
India,Bihar,"Calendar Year (Jan - Dec), 2013",Boys,Classes I-X (6-15 Years),124.4
India,Bihar,"Calendar Year (Jan - Dec), 2013",Boys,Classes XI-XII (16-17  Years),33.3
India,Bihar,"Calendar Year (Jan - Dec), 2013",Boys,Classes IX-XII (14-17  Years),37.2
India,Bihar,"Calendar Year (Jan - Dec), 2013",Boys,Classes I-XII (6-17 Years),110.5
India,Bihar,"Calendar Year (Jan - Dec), 2013",Girls,Classes I-VIII (6-13 Years),108.4
India,Bihar,"Calendar Year (Jan - Dec), 2013",Girls,Classes IX-X (14-15 Years),26.5
India,Bihar,"Calendar Year (Jan - Dec), 2013",Girls,Classes I-X (6-15 Years),92.3
India,Bihar,"Calendar Year (Jan - Dec), 2013",Girls,Classes XI-XII (16-17  Years),19.3
India,Bihar,"Calendar Year (Jan - Dec), 2013",Girls,Classes IX-XII (14-17  Years),23.1
India,Bihar,"Calendar Year (Jan - Dec), 2013",Girls,Classes I-XII (6-17 Years),81.2
India,Bihar,"Calendar Year (Jan - Dec), 2013",Total,Classes I-VIII (6-13 Years),127.7
India,Bihar,"Calendar Year (Jan - Dec), 2013",Total,Classes IX-X (14-15 Years),33.9
India,Bihar,"Calendar Year (Jan - Dec), 2013",Total,Classes I-X (6-15 Years),109
India,Bihar,"Calendar Year (Jan - Dec), 2013",Total,Classes XI-XII (16-17  Years),26.6
India,Bihar,"Calendar Year (Jan - Dec), 2013",Total,Classes IX-XII (14-17  Years),30.5
India,Bihar,"Calendar Year (Jan - Dec), 2013",Total,Classes I-XII (6-17 Years),96.5
India,Chandigarh,"Calendar Year (Jan - Dec), 2013",Boys,Classes I-VIII (6-13 Years),
India,Chandigarh,"Calendar Year (Jan - Dec), 2013",Boys,Classes IX-X (14-15 Years),
India,Chandigarh,"Calendar Year (Jan - Dec), 2013",Boys,Classes I-X (6-15 Years),
India,Chandigarh,"Calendar Year (Jan - Dec), 2013",Boys,Classes XI-XII (16-17  Years),
India,Chandigarh,"Calendar Year (Jan - Dec), 2013",Boys,Classes IX-XII (14-17  Years),
India,Chandigarh,"Calendar Year (Jan - Dec), 2013",Boys,Classes I-XII (6-17 Years),
India,Chandigarh,"Calendar Year (Jan - Dec), 2013",Girls,Classes I-VIII (6-13 Years),
India,Chandigarh,"Calendar Year (Jan - Dec), 2013",Girls,Classes IX-X (14-15 Years),
India,Chandigarh,"Calendar Year (Jan - Dec), 2013",Girls,Classes I-X (6-15 Years),
India,Chandigarh,"Calendar Year (Jan - Dec), 2013",Girls,Classes XI-XII (16-17  Years),
India,Chandigarh,"Calendar Year (Jan - Dec), 2013",Girls,Classes IX-XII (14-17  Years),
India,Chandigarh,"Calendar Year (Jan - Dec), 2013",Girls,Classes I-XII (6-17 Years),
India,Chandigarh,"Calendar Year (Jan - Dec), 2013",Total,Classes I-VIII (6-13 Years),
India,Chandigarh,"Calendar Year (Jan - Dec), 2013",Total,Classes IX-X (14-15 Years),
India,Chandigarh,"Calendar Year (Jan - Dec), 2013",Total,Classes I-X (6-15 Years),
India,Chandigarh,"Calendar Year (Jan - Dec), 2013",Total,Classes XI-XII (16-17  Years),
India,Chandigarh,"Calendar Year (Jan - Dec), 2013",Total,Classes IX-XII (14-17  Years),
India,Chandigarh,"Calendar Year (Jan - Dec), 2013",Total,Classes I-XII (6-17 Years),
India,Chhattisgarh,"Calendar Year (Jan - Dec), 2013",Boys,Classes I-VIII (6-13 Years),104.8
India,Chhattisgarh,"Calendar Year (Jan - Dec), 2013",Boys,Classes IX-X (14-15 Years),58
India,Chhattisgarh,"Calendar Year (Jan - Dec), 2013",Boys,Classes I-X (6-15 Years),95.6
India,Chhattisgarh,"Calendar Year (Jan - Dec), 2013",Boys,Classes XI-XII (16-17  Years),32.6
India,Chhattisgarh,"Calendar Year (Jan - Dec), 2013",Boys,Classes IX-XII (14-17  Years),45.9
India,Chhattisgarh,"Calendar Year (Jan - Dec), 2013",Boys,Classes I-XII (6-17 Years),85.9
India,Chhattisgarh,"Calendar Year (Jan - Dec), 2013",Girls,Classes I-VIII (6-13 Years),98.4
India,Chhattisgarh,"Calendar Year (Jan - Dec), 2013",Girls,Classes IX-X (14-15 Years),55.2
India,Chhattisgarh,"Calendar Year (Jan - Dec), 2013",Girls,Classes I-X (6-15 Years),90
India,Chhattisgarh,"Calendar Year (Jan - Dec), 2013",Girls,Classes XI-XII (16-17  Years),24.7
India,Chhattisgarh,"Calendar Year (Jan - Dec), 2013",Girls,Classes IX-XII (14-17  Years),40.3
India,Chhattisgarh,"Calendar Year (Jan - Dec), 2013",Girls,Classes I-XII (6-17 Years),79.7
India,Chhattisgarh,"Calendar Year (Jan - Dec), 2013",Total,Classes I-VIII (6-13 Years),101.6
India,Chhattisgarh,"Calendar Year (Jan - Dec), 2013",Total,Classes IX-X (14-15 Years),56.7
India,Chhattisgarh,"Calendar Year (Jan - Dec), 2013",Total,Classes I-X (6-15 Years),92.8
India,Chhattisgarh,"Calendar Year (Jan - Dec), 2013",Total,Classes XI-XII (16-17  Years),28.6
India,Chhattisgarh,"Calendar Year (Jan - Dec), 2013",Total,Classes IX-XII (14-17  Years),43.1
India,Chhattisgarh,"Calendar Year (Jan - Dec), 2013",Total,Classes I-XII (6-17 Years),82.9
India,Delhi,"Calendar Year (Jan - Dec), 2013",Boys,Classes I-VIII (6-13 Years),
India,Delhi,"Calendar Year (Jan - Dec), 2013",Boys,Classes IX-X (14-15 Years),
India,Delhi,"Calendar Year (Jan - Dec), 2013",Boys,Classes I-X (6-15 Years),
India,Delhi,"Calendar Year (Jan - Dec), 2013",Boys,Classes XI-XII (16-17  Years),
India,Delhi,"Calendar Year (Jan - Dec), 2013",Boys,Classes IX-XII (14-17  Years),
India,Delhi,"Calendar Year (Jan - Dec), 2013",Boys,Classes I-XII (6-17 Years),
India,Delhi,"Calendar Year (Jan - Dec), 2013",Girls,Classes I-VIII (6-13 Years),
India,Delhi,"Calendar Year (Jan - Dec), 2013",Girls,Classes IX-X (14-15 Years),
India,Delhi,"Calendar Year (Jan - Dec), 2013",Girls,Classes I-X (6-15 Years),
India,Delhi,"Calendar Year (Jan - Dec), 2013",Girls,Classes XI-XII (16-17  Years),
India,Delhi,"Calendar Year (Jan - Dec), 2013",Girls,Classes IX-XII (14-17  Years),
India,Delhi,"Calendar Year (Jan - Dec), 2013",Girls,Classes I-XII (6-17 Years),
India,Delhi,"Calendar Year (Jan - Dec), 2013",Total,Classes I-VIII (6-13 Years),
India,Delhi,"Calendar Year (Jan - Dec), 2013",Total,Classes IX-X (14-15 Years),
India,Delhi,"Calendar Year (Jan - Dec), 2013",Total,Classes I-X (6-15 Years),
India,Delhi,"Calendar Year (Jan - Dec), 2013",Total,Classes XI-XII (16-17  Years),
India,Delhi,"Calendar Year (Jan - Dec), 2013",Total,Classes IX-XII (14-17  Years),
India,Delhi,"Calendar Year (Jan - Dec), 2013",Total,Classes I-XII (6-17 Years),
India,Goa,"Calendar Year (Jan - Dec), 2013",Boys,Classes I-VIII (6-13 Years),16011.8
India,Goa,"Calendar Year (Jan - Dec), 2013",Boys,Classes IX-X (14-15 Years),17643.6
India,Goa,"Calendar Year (Jan - Dec), 2013",Boys,Classes I-X (6-15 Years),16264.6
India,Goa,"Calendar Year (Jan - Dec), 2013",Boys,Classes XI-XII (16-17  Years),5908.7
India,Goa,"Calendar Year (Jan - Dec), 2013",Boys,Classes IX-XII (14-17  Years),10131.7
India,Goa,"Calendar Year (Jan - Dec), 2013",Boys,Classes I-XII (6-17 Years),14027.4
India,Goa,"Calendar Year (Jan - Dec), 2013",Girls,Classes I-VIII (6-13 Years),12190.5
India,Goa,"Calendar Year (Jan - Dec), 2013",Girls,Classes IX-X (14-15 Years),11808
India,Goa,"Calendar Year (Jan - Dec), 2013",Girls,Classes I-X (6-15 Years),12120.5
India,Goa,"Calendar Year (Jan - Dec), 2013",Girls,Classes XI-XII (16-17  Years),8813.5
India,Goa,"Calendar Year (Jan - Dec), 2013",Girls,Classes IX-XII (14-17  Years),10435.7
India,Goa,"Calendar Year (Jan - Dec), 2013",Girls,Classes I-XII (6-17 Years),11677
India,Goa,"Calendar Year (Jan - Dec), 2013",Total,Classes I-VIII (6-13 Years),13942.5
India,Goa,"Calendar Year (Jan - Dec), 2013",Total,Classes IX-X (14-15 Years),14195.8
India,Goa,"Calendar Year (Jan - Dec), 2013",Total,Classes I-X (6-15 Years),13985.7
India,Goa,"Calendar Year (Jan - Dec), 2013",Total,Classes XI-XII (16-17  Years),7091.4
India,Goa,"Calendar Year (Jan - Dec), 2013",Total,Classes IX-XII (14-17  Years),10280.5
India,Goa,"Calendar Year (Jan - Dec), 2013",Total,Classes I-XII (6-17 Years),12792.9
India,Gujarat,"Calendar Year (Jan - Dec), 2013",Boys,Classes I-VIII (6-13 Years),108.8
India,Gujarat,"Calendar Year (Jan - Dec), 2013",Boys,Classes IX-X (14-15 Years),52.5
India,Gujarat,"Calendar Year (Jan - Dec), 2013",Boys,Classes I-X (6-15 Years),98.1
India,Gujarat,"Calendar Year (Jan - Dec), 2013",Boys,Classes XI-XII (16-17  Years),33.2
India,Gujarat,"Calendar Year (Jan - Dec), 2013",Boys,Classes IX-XII (14-17  Years),43.5
India,Gujarat,"Calendar Year (Jan - Dec), 2013",Boys,Classes I-XII (6-17 Years),88.8
India,Gujarat,"Calendar Year (Jan - Dec), 2013",Girls,Classes I-VIII (6-13 Years),109.4
India,Gujarat,"Calendar Year (Jan - Dec), 2013",Girls,Classes IX-X (14-15 Years),51.9
India,Gujarat,"Calendar Year (Jan - Dec), 2013",Girls,Classes I-X (6-15 Years),98.5
India,Gujarat,"Calendar Year (Jan - Dec), 2013",Girls,Classes XI-XII (16-17  Years),29.5
India,Gujarat,"Calendar Year (Jan - Dec), 2013",Girls,Classes IX-XII (14-17  Years),41.4
India,Gujarat,"Calendar Year (Jan - Dec), 2013",Girls,Classes I-XII (6-17 Years),88.7
India,Gujarat,"Calendar Year (Jan - Dec), 2013",Total,Classes I-VIII (6-13 Years),109.1
India,Gujarat,"Calendar Year (Jan - Dec), 2013",Total,Classes IX-X (14-15 Years),52.2
India,Gujarat,"Calendar Year (Jan - Dec), 2013",Total,Classes I-X (6-15 Years),98.3
India,Gujarat,"Calendar Year (Jan - Dec), 2013",Total,Classes XI-XII (16-17  Years),31.4
India,Gujarat,"Calendar Year (Jan - Dec), 2013",Total,Classes IX-XII (14-17  Years),42.5
India,Gujarat,"Calendar Year (Jan - Dec), 2013",Total,Classes I-XII (6-17 Years),88.7
India,Haryana,"Calendar Year (Jan - Dec), 2013",Boys,Classes I-VIII (6-13 Years),
India,Haryana,"Calendar Year (Jan - Dec), 2013",Boys,Classes IX-X (14-15 Years),
India,Haryana,"Calendar Year (Jan - Dec), 2013",Boys,Classes I-X (6-15 Years),
India,Haryana,"Calendar Year (Jan - Dec), 2013",Boys,Classes XI-XII (16-17  Years),
India,Haryana,"Calendar Year (Jan - Dec), 2013",Boys,Classes IX-XII (14-17  Years),
India,Haryana,"Calendar Year (Jan - Dec), 2013",Boys,Classes I-XII (6-17 Years),
India,Haryana,"Calendar Year (Jan - Dec), 2013",Girls,Classes I-VIII (6-13 Years),
India,Haryana,"Calendar Year (Jan - Dec), 2013",Girls,Classes IX-X (14-15 Years),
India,Haryana,"Calendar Year (Jan - Dec), 2013",Girls,Classes I-X (6-15 Years),
India,Haryana,"Calendar Year (Jan - Dec), 2013",Girls,Classes XI-XII (16-17  Years),
India,Haryana,"Calendar Year (Jan - Dec), 2013",Girls,Classes IX-XII (14-17  Years),
India,Haryana,"Calendar Year (Jan - Dec), 2013",Girls,Classes I-XII (6-17 Years),
India,Haryana,"Calendar Year (Jan - Dec), 2013",Total,Classes I-VIII (6-13 Years),
India,Haryana,"Calendar Year (Jan - Dec), 2013",Total,Classes IX-X (14-15 Years),
India,Haryana,"Calendar Year (Jan - Dec), 2013",Total,Classes I-X (6-15 Years),
India,Haryana,"Calendar Year (Jan - Dec), 2013",Total,Classes XI-XII (16-17  Years),
India,Haryana,"Calendar Year (Jan - Dec), 2013",Total,Classes IX-XII (14-17  Years),
India,Haryana,"Calendar Year (Jan - Dec), 2013",Total,Classes I-XII (6-17 Years),
India,Himachal Pradesh,"Calendar Year (Jan - Dec), 2013",Boys,Classes I-VIII (6-13 Years),148.2
India,Himachal Pradesh,"Calendar Year (Jan - Dec), 2013",Boys,Classes IX-X (14-15 Years),137.1
India,Himachal Pradesh,"Calendar Year (Jan - Dec), 2013",Boys,Classes I-X (6-15 Years),146
India,Himachal Pradesh,"Calendar Year (Jan - Dec), 2013",Boys,Classes XI-XII (16-17  Years),116.4
India,Himachal Pradesh,"Calendar Year (Jan - Dec), 2013",Boys,Classes IX-XII (14-17  Years),126.8
India,Himachal Pradesh,"Calendar Year (Jan - Dec), 2013",Boys,Classes I-XII (6-17 Years),141
India,Himachal Pradesh,"Calendar Year (Jan - Dec), 2013",Girls,Classes I-VIII (6-13 Years),145.7
India,Himachal Pradesh,"Calendar Year (Jan - Dec), 2013",Girls,Classes IX-X (14-15 Years),139.2
India,Himachal Pradesh,"Calendar Year (Jan - Dec), 2013",Girls,Classes I-X (6-15 Years),144.4
India,Himachal Pradesh,"Calendar Year (Jan - Dec), 2013",Girls,Classes XI-XII (16-17  Years),101.6
India,Himachal Pradesh,"Calendar Year (Jan - Dec), 2013",Girls,Classes IX-XII (14-17  Years),119.9
India,Himachal Pradesh,"Calendar Year (Jan - Dec), 2013",Girls,Classes I-XII (6-17 Years),136.8
India,Himachal Pradesh,"Calendar Year (Jan - Dec), 2013",Total,Classes I-VIII (6-13 Years),147
India,Himachal Pradesh,"Calendar Year (Jan - Dec), 2013",Total,Classes IX-X (14-15 Years),138.2
India,Himachal Pradesh,"Calendar Year (Jan - Dec), 2013",Total,Classes I-X (6-15 Years),145.2
India,Himachal Pradesh,"Calendar Year (Jan - Dec), 2013",Total,Classes XI-XII (16-17  Years),108.9
India,Himachal Pradesh,"Calendar Year (Jan - Dec), 2013",Total,Classes IX-XII (14-17  Years),123.4
India,Himachal Pradesh,"Calendar Year (Jan - Dec), 2013",Total,Classes I-XII (6-17 Years),138.9
India,Jammu And Kashmir,"Calendar Year (Jan - Dec), 2013",Boys,Classes I-VIII (6-13 Years),82.8
India,Jammu And Kashmir,"Calendar Year (Jan - Dec), 2013",Boys,Classes IX-X (14-15 Years),36
India,Jammu And Kashmir,"Calendar Year (Jan - Dec), 2013",Boys,Classes I-X (6-15 Years),73.8
India,Jammu And Kashmir,"Calendar Year (Jan - Dec), 2013",Boys,Classes XI-XII (16-17  Years),24.7
India,Jammu And Kashmir,"Calendar Year (Jan - Dec), 2013",Boys,Classes IX-XII (14-17  Years),30.6
India,Jammu And Kashmir,"Calendar Year (Jan - Dec), 2013",Boys,Classes I-XII (6-17 Years),66.3
India,Jammu And Kashmir,"Calendar Year (Jan - Dec), 2013",Girls,Classes I-VIII (6-13 Years),78
India,Jammu And Kashmir,"Calendar Year (Jan - Dec), 2013",Girls,Classes IX-X (14-15 Years),26.7
India,Jammu And Kashmir,"Calendar Year (Jan - Dec), 2013",Girls,Classes I-X (6-15 Years),68.4
India,Jammu And Kashmir,"Calendar Year (Jan - Dec), 2013",Girls,Classes XI-XII (16-17  Years),18.1
India,Jammu And Kashmir,"Calendar Year (Jan - Dec), 2013",Girls,Classes IX-XII (14-17  Years),22.5
India,Jammu And Kashmir,"Calendar Year (Jan - Dec), 2013",Girls,Classes I-XII (6-17 Years),60.9
India,Jammu And Kashmir,"Calendar Year (Jan - Dec), 2013",Total,Classes I-VIII (6-13 Years),80.6
India,Jammu And Kashmir,"Calendar Year (Jan - Dec), 2013",Total,Classes IX-X (14-15 Years),31.7
India,Jammu And Kashmir,"Calendar Year (Jan - Dec), 2013",Total,Classes I-X (6-15 Years),71.2
India,Jammu And Kashmir,"Calendar Year (Jan - Dec), 2013",Total,Classes XI-XII (16-17  Years),21.7
India,Jammu And Kashmir,"Calendar Year (Jan - Dec), 2013",Total,Classes IX-XII (14-17  Years),26.9
India,Jammu And Kashmir,"Calendar Year (Jan - Dec), 2013",Total,Classes I-XII (6-17 Years),63.8
India,Jharkhand,"Calendar Year (Jan - Dec), 2013",Boys,Classes I-VIII (6-13 Years),134.1
India,Jharkhand,"Calendar Year (Jan - Dec), 2013",Boys,Classes IX-X (14-15 Years),42.7
India,Jharkhand,"Calendar Year (Jan - Dec), 2013",Boys,Classes I-X (6-15 Years),115.5
India,Jharkhand,"Calendar Year (Jan - Dec), 2013",Boys,Classes XI-XII (16-17  Years),11.1
India,Jharkhand,"Calendar Year (Jan - Dec), 2013",Boys,Classes IX-XII (14-17  Years),27.6
India,Jharkhand,"Calendar Year (Jan - Dec), 2013",Boys,Classes I-XII (6-17 Years),99
India,Jharkhand,"Calendar Year (Jan - Dec), 2013",Girls,Classes I-VIII (6-13 Years),131.6
India,Jharkhand,"Calendar Year (Jan - Dec), 2013",Girls,Classes IX-X (14-15 Years),39
India,Jharkhand,"Calendar Year (Jan - Dec), 2013",Girls,Classes I-X (6-15 Years),112.4
India,Jharkhand,"Calendar Year (Jan - Dec), 2013",Girls,Classes XI-XII (16-17  Years),9.1
India,Jharkhand,"Calendar Year (Jan - Dec), 2013",Girls,Classes IX-XII (14-17  Years),24.5
India,Jharkhand,"Calendar Year (Jan - Dec), 2013",Girls,Classes I-XII (6-17 Years),95.5
India,Jharkhand,"Calendar Year (Jan - Dec), 2013",Total,Classes I-VIII (6-13 Years),132.8
India,Jharkhand,"Calendar Year (Jan - Dec), 2013",Total,Classes IX-X (14-15 Years),40.9
India,Jharkhand,"Calendar Year (Jan - Dec), 2013",Total,Classes I-X (6-15 Years),114
India,Jharkhand,"Calendar Year (Jan - Dec), 2013",Total,Classes XI-XII (16-17  Years),10.1
India,Jharkhand,"Calendar Year (Jan - Dec), 2013",Total,Classes IX-XII (14-17  Years),26
India,Jharkhand,"Calendar Year (Jan - Dec), 2013",Total,Classes I-XII (6-17 Years),97.3
India,Karnataka,"Calendar Year (Jan - Dec), 2013",Boys,Classes I-VIII (6-13 Years),106.7
India,Karnataka,"Calendar Year (Jan - Dec), 2013",Boys,Classes IX-X (14-15 Years),73.3
India,Karnataka,"Calendar Year (Jan - Dec), 2013",Boys,Classes I-X (6-15 Years),99.9
India,Karnataka,"Calendar Year (Jan - Dec), 2013",Boys,Classes XI-XII (16-17  Years),38.9
India,Karnataka,"Calendar Year (Jan - Dec), 2013",Boys,Classes IX-XII (14-17  Years),56.6
India,Karnataka,"Calendar Year (Jan - Dec), 2013",Boys,Classes I-XII (6-17 Years),90.1
India,Karnataka,"Calendar Year (Jan - Dec), 2013",Girls,Classes I-VIII (6-13 Years),103.1
India,Karnataka,"Calendar Year (Jan - Dec), 2013",Girls,Classes IX-X (14-15 Years),72.2
India,Karnataka,"Calendar Year (Jan - Dec), 2013",Girls,Classes I-X (6-15 Years),97.1
India,Karnataka,"Calendar Year (Jan - Dec), 2013",Girls,Classes XI-XII (16-17  Years),37.2
India,Karnataka,"Calendar Year (Jan - Dec), 2013",Girls,Classes IX-XII (14-17  Years),55.7
India,Karnataka,"Calendar Year (Jan - Dec), 2013",Girls,Classes I-XII (6-17 Years),88.3
India,Karnataka,"Calendar Year (Jan - Dec), 2013",Total,Classes I-VIII (6-13 Years),104.9
India,Karnataka,"Calendar Year (Jan - Dec), 2013",Total,Classes IX-X (14-15 Years),72.8
India,Karnataka,"Calendar Year (Jan - Dec), 2013",Total,Classes I-X (6-15 Years),98.5
India,Karnataka,"Calendar Year (Jan - Dec), 2013",Total,Classes XI-XII (16-17  Years),38.1
India,Karnataka,"Calendar Year (Jan - Dec), 2013",Total,Classes IX-XII (14-17  Years),56.2
India,Karnataka,"Calendar Year (Jan - Dec), 2013",Total,Classes I-XII (6-17 Years),89.2
India,Kerala,"Calendar Year (Jan - Dec), 2013",Boys,Classes I-VIII (6-13 Years),140.7
India,Kerala,"Calendar Year (Jan - Dec), 2013",Boys,Classes IX-X (14-15 Years),91.9
India,Kerala,"Calendar Year (Jan - Dec), 2013",Boys,Classes I-X (6-15 Years),130.8
India,Kerala,"Calendar Year (Jan - Dec), 2013",Boys,Classes XI-XII (16-17  Years),24.7
India,Kerala,"Calendar Year (Jan - Dec), 2013",Boys,Classes IX-XII (14-17  Years),59.5
India,Kerala,"Calendar Year (Jan - Dec), 2013",Boys,Classes I-XII (6-17 Years),114
India,Kerala,"Calendar Year (Jan - Dec), 2013",Girls,Classes I-VIII (6-13 Years),135.4
India,Kerala,"Calendar Year (Jan - Dec), 2013",Girls,Classes IX-X (14-15 Years),98.3
India,Kerala,"Calendar Year (Jan - Dec), 2013",Girls,Classes I-X (6-15 Years),127.9
India,Kerala,"Calendar Year (Jan - Dec), 2013",Girls,Classes XI-XII (16-17  Years),25.8
India,Kerala,"Calendar Year (Jan - Dec), 2013",Girls,Classes IX-XII (14-17  Years),62.3
India,Kerala,"Calendar Year (Jan - Dec), 2013",Girls,Classes I-XII (6-17 Years),111
India,Kerala,"Calendar Year (Jan - Dec), 2013",Total,Classes I-VIII (6-13 Years),138.1
India,Kerala,"Calendar Year (Jan - Dec), 2013",Total,Classes IX-X (14-15 Years),95
India,Kerala,"Calendar Year (Jan - Dec), 2013",Total,Classes I-X (6-15 Years),129.4
India,Kerala,"Calendar Year (Jan - Dec), 2013",Total,Classes XI-XII (16-17  Years),25.3
India,Kerala,"Calendar Year (Jan - Dec), 2013",Total,Classes IX-XII (14-17  Years),60.9
India,Kerala,"Calendar Year (Jan - Dec), 2013",Total,Classes I-XII (6-17 Years),112.5
India,Lakshadweep,"Calendar Year (Jan - Dec), 2013",Boys,Classes I-VIII (6-13 Years),78.5
India,Lakshadweep,"Calendar Year (Jan - Dec), 2013",Boys,Classes IX-X (14-15 Years),70.2
India,Lakshadweep,"Calendar Year (Jan - Dec), 2013",Boys,Classes I-X (6-15 Years),76.8
India,Lakshadweep,"Calendar Year (Jan - Dec), 2013",Boys,Classes XI-XII (16-17  Years),76.3
India,Lakshadweep,"Calendar Year (Jan - Dec), 2013",Boys,Classes IX-XII (14-17  Years),72.9
India,Lakshadweep,"Calendar Year (Jan - Dec), 2013",Boys,Classes I-XII (6-17 Years),76.7
India,Lakshadweep,"Calendar Year (Jan - Dec), 2013",Girls,Classes I-VIII (6-13 Years),85.8
India,Lakshadweep,"Calendar Year (Jan - Dec), 2013",Girls,Classes IX-X (14-15 Years),74.6
India,Lakshadweep,"Calendar Year (Jan - Dec), 2013",Girls,Classes I-X (6-15 Years),83.5
India,Lakshadweep,"Calendar Year (Jan - Dec), 2013",Girls,Classes XI-XII (16-17  Years),84.4
India,Lakshadweep,"Calendar Year (Jan - Dec), 2013",Girls,Classes IX-XII (14-17  Years),79.1
India,Lakshadweep,"Calendar Year (Jan - Dec), 2013",Girls,Classes I-XII (6-17 Years),83.7
India,Lakshadweep,"Calendar Year (Jan - Dec), 2013",Total,Classes I-VIII (6-13 Years),82
India,Lakshadweep,"Calendar Year (Jan - Dec), 2013",Total,Classes IX-X (14-15 Years),72.4
India,Lakshadweep,"Calendar Year (Jan - Dec), 2013",Total,Classes I-X (6-15 Years),80.1
India,Lakshadweep,"Calendar Year (Jan - Dec), 2013",Total,Classes XI-XII (16-17  Years),80.3
India,Lakshadweep,"Calendar Year (Jan - Dec), 2013",Total,Classes IX-XII (14-17  Years),76
India,Lakshadweep,"Calendar Year (Jan - Dec), 2013",Total,Classes I-XII (6-17 Years),80.1
India,Madhya Pradesh,"Calendar Year (Jan - Dec), 2013",Boys,Classes I-VIII (6-13 Years),132.4
India,Madhya Pradesh,"Calendar Year (Jan - Dec), 2013",Boys,Classes IX-X (14-15 Years),60
India,Madhya Pradesh,"Calendar Year (Jan - Dec), 2013",Boys,Classes I-X (6-15 Years),119.4
India,Madhya Pradesh,"Calendar Year (Jan - Dec), 2013",Boys,Classes XI-XII (16-17  Years),35.6
India,Madhya Pradesh,"Calendar Year (Jan - Dec), 2013",Boys,Classes IX-XII (14-17  Years),48.5
India,Madhya Pradesh,"Calendar Year (Jan - Dec), 2013",Boys,Classes I-XII (6-17 Years),108
India,Madhya Pradesh,"Calendar Year (Jan - Dec), 2013",Girls,Classes I-VIII (6-13 Years),137.3
India,Madhya Pradesh,"Calendar Year (Jan - Dec), 2013",Girls,Classes IX-X (14-15 Years),36.6
India,Madhya Pradesh,"Calendar Year (Jan - Dec), 2013",Girls,Classes I-X (6-15 Years),119.1
India,Madhya Pradesh,"Calendar Year (Jan - Dec), 2013",Girls,Classes XI-XII (16-17  Years),22.2
India,Madhya Pradesh,"Calendar Year (Jan - Dec), 2013",Girls,Classes IX-XII (14-17  Years),29.5
India,Madhya Pradesh,"Calendar Year (Jan - Dec), 2013",Girls,Classes I-XII (6-17 Years),104.8
India,Madhya Pradesh,"Calendar Year (Jan - Dec), 2013",Total,Classes I-VIII (6-13 Years),134.8
India,Madhya Pradesh,"Calendar Year (Jan - Dec), 2013",Total,Classes IX-X (14-15 Years),48.5
India,Madhya Pradesh,"Calendar Year (Jan - Dec), 2013",Total,Classes I-X (6-15 Years),119.3
India,Madhya Pradesh,"Calendar Year (Jan - Dec), 2013",Total,Classes XI-XII (16-17  Years),28.7
India,Madhya Pradesh,"Calendar Year (Jan - Dec), 2013",Total,Classes IX-XII (14-17  Years),39
India,Madhya Pradesh,"Calendar Year (Jan - Dec), 2013",Total,Classes I-XII (6-17 Years),106.4
India,Maharashtra,"Calendar Year (Jan - Dec), 2013",Boys,Classes I-VIII (6-13 Years),115.9
India,Maharashtra,"Calendar Year (Jan - Dec), 2013",Boys,Classes IX-X (14-15 Years),56.5
India,Maharashtra,"Calendar Year (Jan - Dec), 2013",Boys,Classes I-X (6-15 Years),104.6
India,Maharashtra,"Calendar Year (Jan - Dec), 2013",Boys,Classes XI-XII (16-17  Years),51.2
India,Maharashtra,"Calendar Year (Jan - Dec), 2013",Boys,Classes IX-XII (14-17  Years),54
India,Maharashtra,"Calendar Year (Jan - Dec), 2013",Boys,Classes I-XII (6-17 Years),96.8
India,Maharashtra,"Calendar Year (Jan - Dec), 2013",Girls,Classes I-VIII (6-13 Years),112.7
India,Maharashtra,"Calendar Year (Jan - Dec), 2013",Girls,Classes IX-X (14-15 Years),40.8
India,Maharashtra,"Calendar Year (Jan - Dec), 2013",Girls,Classes I-X (6-15 Years),98.9
India,Maharashtra,"Calendar Year (Jan - Dec), 2013",Girls,Classes XI-XII (16-17  Years),41.2
India,Maharashtra,"Calendar Year (Jan - Dec), 2013",Girls,Classes IX-XII (14-17  Years),41
India,Maharashtra,"Calendar Year (Jan - Dec), 2013",Girls,Classes I-XII (6-17 Years),90.1
India,Maharashtra,"Calendar Year (Jan - Dec), 2013",Total,Classes I-VIII (6-13 Years),114.4
India,Maharashtra,"Calendar Year (Jan - Dec), 2013",Total,Classes IX-X (14-15 Years),49
India,Maharashtra,"Calendar Year (Jan - Dec), 2013",Total,Classes I-X (6-15 Years),101.9
India,Maharashtra,"Calendar Year (Jan - Dec), 2013",Total,Classes XI-XII (16-17  Years),46.3
India,Maharashtra,"Calendar Year (Jan - Dec), 2013",Total,Classes IX-XII (14-17  Years),47.7
India,Maharashtra,"Calendar Year (Jan - Dec), 2013",Total,Classes I-XII (6-17 Years),93.6
India,Manipur,"Calendar Year (Jan - Dec), 2013",Boys,Classes I-VIII (6-13 Years),154.8
India,Manipur,"Calendar Year (Jan - Dec), 2013",Boys,Classes IX-X (14-15 Years),63.4
India,Manipur,"Calendar Year (Jan - Dec), 2013",Boys,Classes I-X (6-15 Years),133.1
India,Manipur,"Calendar Year (Jan - Dec), 2013",Boys,Classes XI-XII (16-17  Years),16.5
India,Manipur,"Calendar Year (Jan - Dec), 2013",Boys,Classes IX-XII (14-17  Years),40.4
India,Manipur,"Calendar Year (Jan - Dec), 2013",Boys,Classes I-XII (6-17 Years),111.3
India,Manipur,"Calendar Year (Jan - Dec), 2013",Girls,Classes I-VIII (6-13 Years),136.4
India,Manipur,"Calendar Year (Jan - Dec), 2013",Girls,Classes IX-X (14-15 Years),54.8
India,Manipur,"Calendar Year (Jan - Dec), 2013",Girls,Classes I-X (6-15 Years),117.2
India,Manipur,"Calendar Year (Jan - Dec), 2013",Girls,Classes XI-XII (16-17  Years),14.1
India,Manipur,"Calendar Year (Jan - Dec), 2013",Girls,Classes IX-XII (14-17  Years),34.2
India,Manipur,"Calendar Year (Jan - Dec), 2013",Girls,Classes I-XII (6-17 Years),97.1
India,Manipur,"Calendar Year (Jan - Dec), 2013",Total,Classes I-VIII (6-13 Years),145.8
India,Manipur,"Calendar Year (Jan - Dec), 2013",Total,Classes IX-X (14-15 Years),59.2
India,Manipur,"Calendar Year (Jan - Dec), 2013",Total,Classes I-X (6-15 Years),125.3
India,Manipur,"Calendar Year (Jan - Dec), 2013",Total,Classes XI-XII (16-17  Years),15.3
India,Manipur,"Calendar Year (Jan - Dec), 2013",Total,Classes IX-XII (14-17  Years),37.3
India,Manipur,"Calendar Year (Jan - Dec), 2013",Total,Classes I-XII (6-17 Years),104.3
India,Meghalaya,"Calendar Year (Jan - Dec), 2013",Boys,Classes I-VIII (6-13 Years),148.8
India,Meghalaya,"Calendar Year (Jan - Dec), 2013",Boys,Classes IX-X (14-15 Years),47.7
India,Meghalaya,"Calendar Year (Jan - Dec), 2013",Boys,Classes I-X (6-15 Years),128.4
India,Meghalaya,"Calendar Year (Jan - Dec), 2013",Boys,Classes XI-XII (16-17  Years),10.3
India,Meghalaya,"Calendar Year (Jan - Dec), 2013",Boys,Classes IX-XII (14-17  Years),28.6
India,Meghalaya,"Calendar Year (Jan - Dec), 2013",Boys,Classes I-XII (6-17 Years),107.9
India,Meghalaya,"Calendar Year (Jan - Dec), 2013",Girls,Classes I-VIII (6-13 Years),153.8
India,Meghalaya,"Calendar Year (Jan - Dec), 2013",Girls,Classes IX-X (14-15 Years),52.1
India,Meghalaya,"Calendar Year (Jan - Dec), 2013",Girls,Classes I-X (6-15 Years),133
India,Meghalaya,"Calendar Year (Jan - Dec), 2013",Girls,Classes XI-XII (16-17  Years),12.8
India,Meghalaya,"Calendar Year (Jan - Dec), 2013",Girls,Classes IX-XII (14-17  Years),32.1
India,Meghalaya,"Calendar Year (Jan - Dec), 2013",Girls,Classes I-XII (6-17 Years),112.1
India,Meghalaya,"Calendar Year (Jan - Dec), 2013",Total,Classes I-VIII (6-13 Years),151.3
India,Meghalaya,"Calendar Year (Jan - Dec), 2013",Total,Classes IX-X (14-15 Years),49.9
India,Meghalaya,"Calendar Year (Jan - Dec), 2013",Total,Classes I-X (6-15 Years),130.7
India,Meghalaya,"Calendar Year (Jan - Dec), 2013",Total,Classes XI-XII (16-17  Years),11.5
India,Meghalaya,"Calendar Year (Jan - Dec), 2013",Total,Classes IX-XII (14-17  Years),30.4
India,Meghalaya,"Calendar Year (Jan - Dec), 2013",Total,Classes I-XII (6-17 Years),110
India,Mizoram,"Calendar Year (Jan - Dec), 2013",Boys,Classes I-VIII (6-13 Years),159.4
India,Mizoram,"Calendar Year (Jan - Dec), 2013",Boys,Classes IX-X (14-15 Years),76.8
India,Mizoram,"Calendar Year (Jan - Dec), 2013",Boys,Classes I-X (6-15 Years),141
India,Mizoram,"Calendar Year (Jan - Dec), 2013",Boys,Classes XI-XII (16-17  Years),42
India,Mizoram,"Calendar Year (Jan - Dec), 2013",Boys,Classes IX-XII (14-17  Years),58.7
India,Mizoram,"Calendar Year (Jan - Dec), 2013",Boys,Classes I-XII (6-17 Years),121.7
India,Mizoram,"Calendar Year (Jan - Dec), 2013",Girls,Classes I-VIII (6-13 Years),148.9
India,Mizoram,"Calendar Year (Jan - Dec), 2013",Girls,Classes IX-X (14-15 Years),79.7
India,Mizoram,"Calendar Year (Jan - Dec), 2013",Girls,Classes I-X (6-15 Years),133.5
India,Mizoram,"Calendar Year (Jan - Dec), 2013",Girls,Classes XI-XII (16-17  Years),40.7
India,Mizoram,"Calendar Year (Jan - Dec), 2013",Girls,Classes IX-XII (14-17  Years),59
India,Mizoram,"Calendar Year (Jan - Dec), 2013",Girls,Classes I-XII (6-17 Years),114.8
India,Mizoram,"Calendar Year (Jan - Dec), 2013",Total,Classes I-VIII (6-13 Years),154.2
India,Mizoram,"Calendar Year (Jan - Dec), 2013",Total,Classes IX-X (14-15 Years),78.2
India,Mizoram,"Calendar Year (Jan - Dec), 2013",Total,Classes I-X (6-15 Years),137.3
India,Mizoram,"Calendar Year (Jan - Dec), 2013",Total,Classes XI-XII (16-17  Years),41.3
India,Mizoram,"Calendar Year (Jan - Dec), 2013",Total,Classes IX-XII (14-17  Years),58.8
India,Mizoram,"Calendar Year (Jan - Dec), 2013",Total,Classes I-XII (6-17 Years),118.3
India,Nagaland,"Calendar Year (Jan - Dec), 2013",Boys,Classes I-VIII (6-13 Years),88.7
India,Nagaland,"Calendar Year (Jan - Dec), 2013",Boys,Classes IX-X (14-15 Years),28.9
India,Nagaland,"Calendar Year (Jan - Dec), 2013",Boys,Classes I-X (6-15 Years),74.3
India,Nagaland,"Calendar Year (Jan - Dec), 2013",Boys,Classes XI-XII (16-17  Years),18.3
India,Nagaland,"Calendar Year (Jan - Dec), 2013",Boys,Classes IX-XII (14-17  Years),23.5
India,Nagaland,"Calendar Year (Jan - Dec), 2013",Boys,Classes I-XII (6-17 Years),63.1
India,Nagaland,"Calendar Year (Jan - Dec), 2013",Girls,Classes I-VIII (6-13 Years),86.7
India,Nagaland,"Calendar Year (Jan - Dec), 2013",Girls,Classes IX-X (14-15 Years),30.6
India,Nagaland,"Calendar Year (Jan - Dec), 2013",Girls,Classes I-X (6-15 Years),73.4
India,Nagaland,"Calendar Year (Jan - Dec), 2013",Girls,Classes XI-XII (16-17  Years),17.5
India,Nagaland,"Calendar Year (Jan - Dec), 2013",Girls,Classes IX-XII (14-17  Years),23.9
India,Nagaland,"Calendar Year (Jan - Dec), 2013",Girls,Classes I-XII (6-17 Years),62.2
India,Nagaland,"Calendar Year (Jan - Dec), 2013",Total,Classes I-VIII (6-13 Years),87.7
India,Nagaland,"Calendar Year (Jan - Dec), 2013",Total,Classes IX-X (14-15 Years),29.7
India,Nagaland,"Calendar Year (Jan - Dec), 2013",Total,Classes I-X (6-15 Years),73.9
India,Nagaland,"Calendar Year (Jan - Dec), 2013",Total,Classes XI-XII (16-17  Years),17.9
India,Nagaland,"Calendar Year (Jan - Dec), 2013",Total,Classes IX-XII (14-17  Years),23.7
India,Nagaland,"Calendar Year (Jan - Dec), 2013",Total,Classes I-XII (6-17 Years),62.7
India,Odisha,"Calendar Year (Jan - Dec), 2013",Boys,Classes I-VIII (6-13 Years),113.5
India,Odisha,"Calendar Year (Jan - Dec), 2013",Boys,Classes IX-X (14-15 Years),43.2
India,Odisha,"Calendar Year (Jan - Dec), 2013",Boys,Classes I-X (6-15 Years),100.3
India,Odisha,"Calendar Year (Jan - Dec), 2013",Boys,Classes XI-XII (16-17  Years),20.1
India,Odisha,"Calendar Year (Jan - Dec), 2013",Boys,Classes IX-XII (14-17  Years),32.6
India,Odisha,"Calendar Year (Jan - Dec), 2013",Boys,Classes I-XII (6-17 Years),89.1
India,Odisha,"Calendar Year (Jan - Dec), 2013",Girls,Classes I-VIII (6-13 Years),114.8
India,Odisha,"Calendar Year (Jan - Dec), 2013",Girls,Classes IX-X (14-15 Years),40.7
India,Odisha,"Calendar Year (Jan - Dec), 2013",Girls,Classes I-X (6-15 Years),101
India,Odisha,"Calendar Year (Jan - Dec), 2013",Girls,Classes XI-XII (16-17  Years),14.2
India,Odisha,"Calendar Year (Jan - Dec), 2013",Girls,Classes IX-XII (14-17  Years),28.1
India,Odisha,"Calendar Year (Jan - Dec), 2013",Girls,Classes I-XII (6-17 Years),88.5
India,Odisha,"Calendar Year (Jan - Dec), 2013",Total,Classes I-VIII (6-13 Years),114.1
India,Odisha,"Calendar Year (Jan - Dec), 2013",Total,Classes IX-X (14-15 Years),42.1
India,Odisha,"Calendar Year (Jan - Dec), 2013",Total,Classes I-X (6-15 Years),100.6
India,Odisha,"Calendar Year (Jan - Dec), 2013",Total,Classes XI-XII (16-17  Years),17.2
India,Odisha,"Calendar Year (Jan - Dec), 2013",Total,Classes IX-XII (14-17  Years),30.4
India,Odisha,"Calendar Year (Jan - Dec), 2013",Total,Classes I-XII (6-17 Years),88.8
India,Puducherry,"Calendar Year (Jan - Dec), 2013",Boys,Classes I-VIII (6-13 Years),
India,Puducherry,"Calendar Year (Jan - Dec), 2013",Boys,Classes IX-X (14-15 Years),
India,Puducherry,"Calendar Year (Jan - Dec), 2013",Boys,Classes I-X (6-15 Years),
India,Puducherry,"Calendar Year (Jan - Dec), 2013",Boys,Classes XI-XII (16-17  Years),
India,Puducherry,"Calendar Year (Jan - Dec), 2013",Boys,Classes IX-XII (14-17  Years),
India,Puducherry,"Calendar Year (Jan - Dec), 2013",Boys,Classes I-XII (6-17 Years),
India,Puducherry,"Calendar Year (Jan - Dec), 2013",Girls,Classes I-VIII (6-13 Years),
India,Puducherry,"Calendar Year (Jan - Dec), 2013",Girls,Classes IX-X (14-15 Years),
India,Puducherry,"Calendar Year (Jan - Dec), 2013",Girls,Classes I-X (6-15 Years),
India,Puducherry,"Calendar Year (Jan - Dec), 2013",Girls,Classes XI-XII (16-17  Years),
India,Puducherry,"Calendar Year (Jan - Dec), 2013",Girls,Classes IX-XII (14-17  Years),
India,Puducherry,"Calendar Year (Jan - Dec), 2013",Girls,Classes I-XII (6-17 Years),
India,Puducherry,"Calendar Year (Jan - Dec), 2013",Total,Classes I-VIII (6-13 Years),
India,Puducherry,"Calendar Year (Jan - Dec), 2013",Total,Classes IX-X (14-15 Years),
India,Puducherry,"Calendar Year (Jan - Dec), 2013",Total,Classes I-X (6-15 Years),
India,Puducherry,"Calendar Year (Jan - Dec), 2013",Total,Classes XI-XII (16-17  Years),
India,Puducherry,"Calendar Year (Jan - Dec), 2013",Total,Classes IX-XII (14-17  Years),
India,Puducherry,"Calendar Year (Jan - Dec), 2013",Total,Classes I-XII (6-17 Years),
India,Punjab,"Calendar Year (Jan - Dec), 2013",Boys,Classes I-VIII (6-13 Years),
India,Punjab,"Calendar Year (Jan - Dec), 2013",Boys,Classes IX-X (14-15 Years),
India,Punjab,"Calendar Year (Jan - Dec), 2013",Boys,Classes I-X (6-15 Years),
India,Punjab,"Calendar Year (Jan - Dec), 2013",Boys,Classes XI-XII (16-17  Years),
India,Punjab,"Calendar Year (Jan - Dec), 2013",Boys,Classes IX-XII (14-17  Years),
India,Punjab,"Calendar Year (Jan - Dec), 2013",Boys,Classes I-XII (6-17 Years),
India,Punjab,"Calendar Year (Jan - Dec), 2013",Girls,Classes I-VIII (6-13 Years),
India,Punjab,"Calendar Year (Jan - Dec), 2013",Girls,Classes IX-X (14-15 Years),
India,Punjab,"Calendar Year (Jan - Dec), 2013",Girls,Classes I-X (6-15 Years),
India,Punjab,"Calendar Year (Jan - Dec), 2013",Girls,Classes XI-XII (16-17  Years),
India,Punjab,"Calendar Year (Jan - Dec), 2013",Girls,Classes IX-XII (14-17  Years),
India,Punjab,"Calendar Year (Jan - Dec), 2013",Girls,Classes I-XII (6-17 Years),
India,Punjab,"Calendar Year (Jan - Dec), 2013",Total,Classes I-VIII (6-13 Years),
India,Punjab,"Calendar Year (Jan - Dec), 2013",Total,Classes IX-X (14-15 Years),
India,Punjab,"Calendar Year (Jan - Dec), 2013",Total,Classes I-X (6-15 Years),
India,Punjab,"Calendar Year (Jan - Dec), 2013",Total,Classes XI-XII (16-17  Years),
India,Punjab,"Calendar Year (Jan - Dec), 2013",Total,Classes IX-XII (14-17  Years),
India,Punjab,"Calendar Year (Jan - Dec), 2013",Total,Classes I-XII (6-17 Years),
India,Rajasthan,"Calendar Year (Jan - Dec), 2013",Boys,Classes I-VIII (6-13 Years),120
India,Rajasthan,"Calendar Year (Jan - Dec), 2013",Boys,Classes IX-X (14-15 Years),58.1
India,Rajasthan,"Calendar Year (Jan - Dec), 2013",Boys,Classes I-X (6-15 Years),108.4
India,Rajasthan,"Calendar Year (Jan - Dec), 2013",Boys,Classes XI-XII (16-17  Years),28.7
India,Rajasthan,"Calendar Year (Jan - Dec), 2013",Boys,Classes IX-XII (14-17  Years),44
India,Rajasthan,"Calendar Year (Jan - Dec), 2013",Boys,Classes I-XII (6-17 Years),96.7
India,Rajasthan,"Calendar Year (Jan - Dec), 2013",Girls,Classes I-VIII (6-13 Years),107.7
India,Rajasthan,"Calendar Year (Jan - Dec), 2013",Girls,Classes IX-X (14-15 Years),44.3
India,Rajasthan,"Calendar Year (Jan - Dec), 2013",Girls,Classes I-X (6-15 Years),95.8
India,Rajasthan,"Calendar Year (Jan - Dec), 2013",Girls,Classes XI-XII (16-17  Years),18.9
India,Rajasthan,"Calendar Year (Jan - Dec), 2013",Girls,Classes IX-XII (14-17  Years),31.9
India,Rajasthan,"Calendar Year (Jan - Dec), 2013",Girls,Classes I-XII (6-17 Years),84
India,Rajasthan,"Calendar Year (Jan - Dec), 2013",Total,Classes I-VIII (6-13 Years),114.2
India,Rajasthan,"Calendar Year (Jan - Dec), 2013",Total,Classes IX-X (14-15 Years),51.5
India,Rajasthan,"Calendar Year (Jan - Dec), 2013",Total,Classes I-X (6-15 Years),102.4
India,Rajasthan,"Calendar Year (Jan - Dec), 2013",Total,Classes XI-XII (16-17  Years),23.9
India,Rajasthan,"Calendar Year (Jan - Dec), 2013",Total,Classes IX-XII (14-17  Years),38.2
India,Rajasthan,"Calendar Year (Jan - Dec), 2013",Total,Classes I-XII (6-17 Years),90.6
India,Sikkim,"Calendar Year (Jan - Dec), 2013",Boys,Classes I-VIII (6-13 Years),208.2
India,Sikkim,"Calendar Year (Jan - Dec), 2013",Boys,Classes IX-X (14-15 Years),74.3
India,Sikkim,"Calendar Year (Jan - Dec), 2013",Boys,Classes I-X (6-15 Years),178.8
India,Sikkim,"Calendar Year (Jan - Dec), 2013",Boys,Classes XI-XII (16-17  Years),48.1
India,Sikkim,"Calendar Year (Jan - Dec), 2013",Boys,Classes IX-XII (14-17  Years),60.8
India,Sikkim,"Calendar Year (Jan - Dec), 2013",Boys,Classes I-XII (6-17 Years),154
India,Sikkim,"Calendar Year (Jan - Dec), 2013",Girls,Classes I-VIII (6-13 Years),221
India,Sikkim,"Calendar Year (Jan - Dec), 2013",Girls,Classes IX-X (14-15 Years),89.1
India,Sikkim,"Calendar Year (Jan - Dec), 2013",Girls,Classes I-X (6-15 Years),191.4
India,Sikkim,"Calendar Year (Jan - Dec), 2013",Girls,Classes XI-XII (16-17  Years),52.8
India,Sikkim,"Calendar Year (Jan - Dec), 2013",Girls,Classes IX-XII (14-17  Years),70.1
India,Sikkim,"Calendar Year (Jan - Dec), 2013",Girls,Classes I-XII (6-17 Years),164
India,Sikkim,"Calendar Year (Jan - Dec), 2013",Total,Classes I-VIII (6-13 Years),214.6
India,Sikkim,"Calendar Year (Jan - Dec), 2013",Total,Classes IX-X (14-15 Years),81.9
India,Sikkim,"Calendar Year (Jan - Dec), 2013",Total,Classes I-X (6-15 Years),185.2
India,Sikkim,"Calendar Year (Jan - Dec), 2013",Total,Classes XI-XII (16-17  Years),50.5
India,Sikkim,"Calendar Year (Jan - Dec), 2013",Total,Classes IX-XII (14-17  Years),65.6
India,Sikkim,"Calendar Year (Jan - Dec), 2013",Total,Classes I-XII (6-17 Years),159.1
India,Tamil Nadu,"Calendar Year (Jan - Dec), 2013",Boys,Classes I-VIII (6-13 Years),150.4
India,Tamil Nadu,"Calendar Year (Jan - Dec), 2013",Boys,Classes IX-X (14-15 Years),81.5
India,Tamil Nadu,"Calendar Year (Jan - Dec), 2013",Boys,Classes I-X (6-15 Years),138
India,Tamil Nadu,"Calendar Year (Jan - Dec), 2013",Boys,Classes XI-XII (16-17  Years),44
India,Tamil Nadu,"Calendar Year (Jan - Dec), 2013",Boys,Classes IX-XII (14-17  Years),63.7
India,Tamil Nadu,"Calendar Year (Jan - Dec), 2013",Boys,Classes I-XII (6-17 Years),125
India,Tamil Nadu,"Calendar Year (Jan - Dec), 2013",Girls,Classes I-VIII (6-13 Years),151.9
India,Tamil Nadu,"Calendar Year (Jan - Dec), 2013",Girls,Classes IX-X (14-15 Years),85.8
India,Tamil Nadu,"Calendar Year (Jan - Dec), 2013",Girls,Classes I-X (6-15 Years),140.6
India,Tamil Nadu,"Calendar Year (Jan - Dec), 2013",Girls,Classes XI-XII (16-17  Years),51.1
India,Tamil Nadu,"Calendar Year (Jan - Dec), 2013",Girls,Classes IX-XII (14-17  Years),69.1
India,Tamil Nadu,"Calendar Year (Jan - Dec), 2013",Girls,Classes I-XII (6-17 Years),128.5
India,Tamil Nadu,"Calendar Year (Jan - Dec), 2013",Total,Classes I-VIII (6-13 Years),151.1
India,Tamil Nadu,"Calendar Year (Jan - Dec), 2013",Total,Classes IX-X (14-15 Years),83.5
India,Tamil Nadu,"Calendar Year (Jan - Dec), 2013",Total,Classes I-X (6-15 Years),139.3
India,Tamil Nadu,"Calendar Year (Jan - Dec), 2013",Total,Classes XI-XII (16-17  Years),47.3
India,Tamil Nadu,"Calendar Year (Jan - Dec), 2013",Total,Classes IX-XII (14-17  Years),66.3
India,Tamil Nadu,"Calendar Year (Jan - Dec), 2013",Total,Classes I-XII (6-17 Years),126.6
India,The Dadra And Nagar Haveli And Daman And Diu,"Calendar Year (Jan - Dec), 2013",Boys,Classes I-VIII (6-13 Years),161.1
India,The Dadra And Nagar Haveli And Daman And Diu,"Calendar Year (Jan - Dec), 2013",Boys,Classes IX-X (14-15 Years),126.6
India,The Dadra And Nagar Haveli And Daman And Diu,"Calendar Year (Jan - Dec), 2013",Boys,Classes I-X (6-15 Years),154.7
India,The Dadra And Nagar Haveli And Daman And Diu,"Calendar Year (Jan - Dec), 2013",Boys,Classes XI-XII (16-17  Years),57.5
India,The Dadra And Nagar Haveli And Daman And Diu,"Calendar Year (Jan - Dec), 2013",Boys,Classes IX-XII (14-17  Years),95.4
India,The Dadra And Nagar Haveli And Daman And Diu,"Calendar Year (Jan - Dec), 2013",Boys,Classes I-XII (6-17 Years),141.7
India,The Dadra And Nagar Haveli And Daman And Diu,"Calendar Year (Jan - Dec), 2013",Girls,Classes I-VIII (6-13 Years),168.6
India,The Dadra And Nagar Haveli And Daman And Diu,"Calendar Year (Jan - Dec), 2013",Girls,Classes IX-X (14-15 Years),126.8
India,The Dadra And Nagar Haveli And Daman And Diu,"Calendar Year (Jan - Dec), 2013",Girls,Classes I-X (6-15 Years),161.7
India,The Dadra And Nagar Haveli And Daman And Diu,"Calendar Year (Jan - Dec), 2013",Girls,Classes XI-XII (16-17  Years),60.2
India,The Dadra And Nagar Haveli And Daman And Diu,"Calendar Year (Jan - Dec), 2013",Girls,Classes IX-XII (14-17  Years),95.2
India,The Dadra And Nagar Haveli And Daman And Diu,"Calendar Year (Jan - Dec), 2013",Girls,Classes I-XII (6-17 Years),148.2
India,The Dadra And Nagar Haveli And Daman And Diu,"Calendar Year (Jan - Dec), 2013",Total,Classes I-VIII (6-13 Years),164.5
India,The Dadra And Nagar Haveli And Daman And Diu,"Calendar Year (Jan - Dec), 2013",Total,Classes IX-X (14-15 Years),126.7
India,The Dadra And Nagar Haveli And Daman And Diu,"Calendar Year (Jan - Dec), 2013",Total,Classes I-X (6-15 Years),157.8
India,The Dadra And Nagar Haveli And Daman And Diu,"Calendar Year (Jan - Dec), 2013",Total,Classes XI-XII (16-17  Years),58.1
India,The Dadra And Nagar Haveli And Daman And Diu,"Calendar Year (Jan - Dec), 2013",Total,Classes IX-XII (14-17  Years),95.2
India,The Dadra And Nagar Haveli And Daman And Diu,"Calendar Year (Jan - Dec), 2013",Total,Classes I-XII (6-17 Years),144.5
India,Tripura,"Calendar Year (Jan - Dec), 2013",Boys,Classes I-VIII (6-13 Years),127.4
India,Tripura,"Calendar Year (Jan - Dec), 2013",Boys,Classes IX-X (14-15 Years),75
India,Tripura,"Calendar Year (Jan - Dec), 2013",Boys,Classes I-X (6-15 Years),116.4
India,Tripura,"Calendar Year (Jan - Dec), 2013",Boys,Classes XI-XII (16-17  Years),23.2
India,Tripura,"Calendar Year (Jan - Dec), 2013",Boys,Classes IX-XII (14-17  Years),50.1
India,Tripura,"Calendar Year (Jan - Dec), 2013",Boys,Classes I-XII (6-17 Years),101.3
India,Tripura,"Calendar Year (Jan - Dec), 2013",Girls,Classes I-VIII (6-13 Years),123.1
India,Tripura,"Calendar Year (Jan - Dec), 2013",Girls,Classes IX-X (14-15 Years),70
India,Tripura,"Calendar Year (Jan - Dec), 2013",Girls,Classes I-X (6-15 Years),112.2
India,Tripura,"Calendar Year (Jan - Dec), 2013",Girls,Classes XI-XII (16-17  Years),17.1
India,Tripura,"Calendar Year (Jan - Dec), 2013",Girls,Classes IX-XII (14-17  Years),44.3
India,Tripura,"Calendar Year (Jan - Dec), 2013",Girls,Classes I-XII (6-17 Years),96.9
India,Tripura,"Calendar Year (Jan - Dec), 2013",Total,Classes I-VIII (6-13 Years),125.3
India,Tripura,"Calendar Year (Jan - Dec), 2013",Total,Classes IX-X (14-15 Years),72.6
India,Tripura,"Calendar Year (Jan - Dec), 2013",Total,Classes I-X (6-15 Years),114.4
India,Tripura,"Calendar Year (Jan - Dec), 2013",Total,Classes XI-XII (16-17  Years),20.2
India,Tripura,"Calendar Year (Jan - Dec), 2013",Total,Classes IX-XII (14-17  Years),47.3
India,Tripura,"Calendar Year (Jan - Dec), 2013",Total,Classes I-XII (6-17 Years),99.1
India,Uttar Pradesh,"Calendar Year (Jan - Dec), 2013",Boys,Classes I-VIII (6-13 Years),849.6
India,Uttar Pradesh,"Calendar Year (Jan - Dec), 2013",Boys,Classes IX-X (14-15 Years),749.4
India,Uttar Pradesh,"Calendar Year (Jan - Dec), 2013",Boys,Classes I-X (6-15 Years),832.1
India,Uttar Pradesh,"Calendar Year (Jan - Dec), 2013",Boys,Classes XI-XII (16-17  Years),485
India,Uttar Pradesh,"Calendar Year (Jan - Dec), 2013",Boys,Classes IX-XII (14-17  Years),619.8
India,Uttar Pradesh,"Calendar Year (Jan - Dec), 2013",Boys,Classes I-XII (6-17 Years),782.4
India,Uttar Pradesh,"Calendar Year (Jan - Dec), 2013",Girls,Classes I-VIII (6-13 Years),812.3
India,Uttar Pradesh,"Calendar Year (Jan - Dec), 2013",Girls,Classes IX-X (14-15 Years),489.1
India,Uttar Pradesh,"Calendar Year (Jan - Dec), 2013",Girls,Classes I-X (6-15 Years),753.2
India,Uttar Pradesh,"Calendar Year (Jan - Dec), 2013",Girls,Classes XI-XII (16-17  Years),306.3
India,Uttar Pradesh,"Calendar Year (Jan - Dec), 2013",Girls,Classes IX-XII (14-17  Years),399.1
India,Uttar Pradesh,"Calendar Year (Jan - Dec), 2013",Girls,Classes I-XII (6-17 Years),685.8
India,Uttar Pradesh,"Calendar Year (Jan - Dec), 2013",Total,Classes I-VIII (6-13 Years),831.5
India,Uttar Pradesh,"Calendar Year (Jan - Dec), 2013",Total,Classes IX-X (14-15 Years),618.9
India,Uttar Pradesh,"Calendar Year (Jan - Dec), 2013",Total,Classes I-X (6-15 Years),793.5
India,Uttar Pradesh,"Calendar Year (Jan - Dec), 2013",Total,Classes XI-XII (16-17  Years),395
India,Uttar Pradesh,"Calendar Year (Jan - Dec), 2013",Total,Classes IX-XII (14-17  Years),509
India,Uttar Pradesh,"Calendar Year (Jan - Dec), 2013",Total,Classes I-XII (6-17 Years),735
India,Uttarakhand,"Calendar Year (Jan - Dec), 2013",Boys,Classes I-VIII (6-13 Years),142.8
India,Uttarakhand,"Calendar Year (Jan - Dec), 2013",Boys,Classes IX-X (14-15 Years),101.1
India,Uttarakhand,"Calendar Year (Jan - Dec), 2013",Boys,Classes I-X (6-15 Years),134.4
India,Uttarakhand,"Calendar Year (Jan - Dec), 2013",Boys,Classes XI-XII (16-17  Years),70.9
India,Uttarakhand,"Calendar Year (Jan - Dec), 2013",Boys,Classes IX-XII (14-17  Years),86.1
India,Uttarakhand,"Calendar Year (Jan - Dec), 2013",Boys,Classes I-XII (6-17 Years),123.9
India,Uttarakhand,"Calendar Year (Jan - Dec), 2013",Girls,Classes I-VIII (6-13 Years),137.9
India,Uttarakhand,"Calendar Year (Jan - Dec), 2013",Girls,Classes IX-X (14-15 Years),104.7
India,Uttarakhand,"Calendar Year (Jan - Dec), 2013",Girls,Classes I-X (6-15 Years),131.3
India,Uttarakhand,"Calendar Year (Jan - Dec), 2013",Girls,Classes XI-XII (16-17  Years),68.1
India,Uttarakhand,"Calendar Year (Jan - Dec), 2013",Girls,Classes IX-XII (14-17  Years),85.9
India,Uttarakhand,"Calendar Year (Jan - Dec), 2013",Girls,Classes I-XII (6-17 Years),120.3
India,Uttarakhand,"Calendar Year (Jan - Dec), 2013",Total,Classes I-VIII (6-13 Years),140.4
India,Uttarakhand,"Calendar Year (Jan - Dec), 2013",Total,Classes IX-X (14-15 Years),102.8
India,Uttarakhand,"Calendar Year (Jan - Dec), 2013",Total,Classes I-X (6-15 Years),132.9
India,Uttarakhand,"Calendar Year (Jan - Dec), 2013",Total,Classes XI-XII (16-17  Years),69.5
India,Uttarakhand,"Calendar Year (Jan - Dec), 2013",Total,Classes IX-XII (14-17  Years),86
India,Uttarakhand,"Calendar Year (Jan - Dec), 2013",Total,Classes I-XII (6-17 Years),122.1
India,West Bengal,"Calendar Year (Jan - Dec), 2013",Boys,Classes I-VIII (6-13 Years),116.9
India,West Bengal,"Calendar Year (Jan - Dec), 2013",Boys,Classes IX-X (14-15 Years),60.5
India,West Bengal,"Calendar Year (Jan - Dec), 2013",Boys,Classes I-X (6-15 Years),105.2
India,West Bengal,"Calendar Year (Jan - Dec), 2013",Boys,Classes XI-XII (16-17  Years),35.6
India,West Bengal,"Calendar Year (Jan - Dec), 2013",Boys,Classes IX-XII (14-17  Years),48.5
India,West Bengal,"Calendar Year (Jan - Dec), 2013",Boys,Classes I-XII (6-17 Years),93.9
India,West Bengal,"Calendar Year (Jan - Dec), 2013",Girls,Classes I-VIII (6-13 Years),119.7
India,West Bengal,"Calendar Year (Jan - Dec), 2013",Girls,Classes IX-X (14-15 Years),62.4
India,West Bengal,"Calendar Year (Jan - Dec), 2013",Girls,Classes I-X (6-15 Years),108.2
India,West Bengal,"Calendar Year (Jan - Dec), 2013",Girls,Classes XI-XII (16-17  Years),24.4
India,West Bengal,"Calendar Year (Jan - Dec), 2013",Girls,Classes IX-XII (14-17  Years),43.7
India,West Bengal,"Calendar Year (Jan - Dec), 2013",Girls,Classes I-XII (6-17 Years),94.6
India,West Bengal,"Calendar Year (Jan - Dec), 2013",Total,Classes I-VIII (6-13 Years),118.2
India,West Bengal,"Calendar Year (Jan - Dec), 2013",Total,Classes IX-X (14-15 Years),61.4
India,West Bengal,"Calendar Year (Jan - Dec), 2013",Total,Classes I-X (6-15 Years),106.7
India,West Bengal,"Calendar Year (Jan - Dec), 2013",Total,Classes XI-XII (16-17  Years),30.1
India,West Bengal,"Calendar Year (Jan - Dec), 2013",Total,Classes IX-XII (14-17  Years),46.2
India,West Bengal,"Calendar Year (Jan - Dec), 2013",Total,Classes I-XII (6-17 Years),94.2
